Language,N,Run_1,Run_2,Run_3,Run_4,Run_5,Run_6,Run_7,Run_8,Run_9,Run_10
C++,100000,0.103,0.095,0.092,0.097,0.103,0.095,0.095,0.101,0.101,0.101
C++,1000000,1.227,1.385,1.877,1.891,1.206,1.31,1.055,1.106,1.185,1.238
C++,10000000,25.013,25.208,25.866,26.053,24.819,25.124,24.447,26.961,27.124,26.872
Julia,100000,0.127,0.13,0.209,0.218,0.159,0.14,0.164,0.351,0.203,0.184
Julia,1000000,1.539,1.6,11.376,1.285,1.321,1.422,1.407,1.6,1.914,1.467
Julia,10000000,31.354,24.204,25.841,29.732,28.511,25.759,25.068,25.749,31.393,25.444
Python,100000,4.476,4.346,4.398,3.854,4.224,3.524,4.414,3.618,3.507,3.676
Python,1000000,38.066,41.487,44.425,38.911,40.35,41.411,38.613,40.858,41.078,38.664
Python,10000000,432.961,433.301,433.081,448.483,443.42,438.488,437.108,440.493,437.979,433.316
,,,,,,,,,,,
,,,,,,,,,,,
,,,,,Language,N,Min_ms,Medican_ms,Max-ms,Pi_N,Slowdown_vs_CPP
,,,,,C++,100000,0.092,0.101,0.103,9592,1
,,,,,C++,1000000,1.055,1.238,1.891,78498,1
,,,,,C++,10000000,24.447,25.866,27.124,664579,1.00255814
,,,,,Julia,100000,0.127,0.174,0.351,9592,1.722772277
,,,,,Julia,1000000,1.285,1.503,11.376,78498,1.214054927
,,,,,Julia,10000000,24.204,25.8,31.393,664579,1
,,,,,Python,100000,3.507,4.224,4.476,9592,41.82178218
,,,,,Python,1000000,38.066,40.858,44.425,78498,33.00323102
,,,,,Python,10000000,432.961,437.979,448.483,664579,16.97593023
